<?xml version="1.0" encoding="UTF-8"?>
<!-- <!DOCTYPE Component SYSTEM "ComponentQuestions.dtd"> -->
<Component name="PATROL Product Properties">

  <Screen name="P3F_MSW_cfg"
   title="">
<L10NScreen locale="ja_JP"
   title=""/>
     <Script type="SIMPLE">
        <Action action="%{/BMC/PATROL3/INFO_2}=set_var(%{/BMC/BASE})"/>
     </Script>
  </Screen>

  <Screen name="P3F_MSW_cfg_2"
		 title="Provide the PATROL 3.x Product Directory">
<L10NScreen locale="ja_JP"
			 title="PATROL 3.x 製品ディレクトリの提供"/>

    <Question name="/BMC/PATROL3/INFO_2"
			 type="Text"
			 required="false"
			 default="%{/BMC/BASE}"
			 readonly="true"
			 label="BMC Products Installation Directory">
    <L10NQuestion locale="ja_JP"
				 label="BMC 製品インストール ディレクトリ"
				 default="%{/BMC/BASE}"/>
    </Question>

    
    <Question name="/BMC/PATROL/DIR"
			 type="Text"
			 default="Patrol3"
			 required="false"
			 label="PATROL 3.x Product Directory">
    <L10NQuestion locale="ja_JP"
				 label="PATROL 3.x 製品ディレクトリ"
				 default="Patrol3"/>
    </Question>

    <Question name="/BMC/FOLDER/PATROL_FOLDER"
			 type="Hidden"
			 default="BMC PATROL"
			 required="false"
			 label="NT Folder Name">
    <L10NQuestion locale="ja_JP"
				 label="NT フォルダ名"
				 default="BMC PATROL"/>
    </Question>

    <Question name="/BMC/PATROL3/INFO_4"
			 type="Info"
			 required="false"
			 label="&lt;u&gt;Important Information&lt;/u&gt;\n All PATROL 3.x products are installed one level below the BMC Products Installation Directory. Specify the subdirectory to append to the BMC Products Installation Directory or accept the default directory name shown.\n\n For example, if PATROL was previously installed in D:\Program Files\BMC Software\PATROL3-4, you should enter &quot;D:\Program Files\BMC Software&quot; as the BMC Products Installation Directory, and &quot;PATROL3-4&quot; as the PATROL 3.x Product Directory.  If necessary, click &quot;Back&quot; to return to the Specify Installation Directory screen and modify your BMC Products Installation Directory.\n\n For example, if you installed your existing PATROL products into a top-level directory (such as C:\PATROL3-4) you must enter this directory as your BMC Products Installation Directory and ensure the PATROL 3.x Product Directory entry above is blank.  If necessary, click &quot;Back&quot; to return to the Specify Installation Directory screen and modify your BMC Products Installation Directory.">
    <L10NQuestion locale="ja_JP"
				 label="&lt;u&gt;重要なお知らせ&lt;/u&gt;\n すべてのPATROL 3.x 製品はBMC 製品インストールディレクトリより１つ下のレベルにインストールされます。BMC 製品インストール ディレクトリ下に追加するサブディレクトリ名を指定するか下記のデフォルトのディレクトリ名を使用してください。\n\n たとえば、PATROL が以前 D:\Program Files\BMC Software\PATROL3-4 にインストールされた場合、BMC 製品インストールディレクトリとして &quot;D:\Program Files\BMC Software&quot; と入力し、PATROL 3.x 製品ディレクトリとして &quot;PATROL3-4&quot; と入力します。BMC 製品インストールディレクトリの変更が必要な場合には、「戻る」ボタンをクリックして「インストールディレクトリを指定」画面に戻ります。\n\n たとえば、すでにインストールされている PATROL 製品が &quot;C:\PATROL3-4&quot; のようにトップレベルディレクトリにある場合、BMC 製品ディレクトリにこのディレクトリを指定し PATROL 3.x 製品ディレクトリは空白のままにします。BMC 製品ディレクトリを変更する場合は「戻る」をクリックしてください。"/>
    </Question>

	<Question name="/ENCRYPTION/AES_ENABLED"
			 type="Hidden"
			 default="TRUE"
			 required="false"
			 label="Patrol Encryption Mode">			 
    </Question>


  </Screen>
</Component>
