<?xml version="1.0" encoding="UTF-8"?>
<!-- <!DOCTYPE Component SYSTEM "ComponentQuestions.dtd"> -->
<Component name="PATROL 7.x Product Properties">

  <Screen name="P7F_UX_cfg">
<L10NScreen locale="ja_JP"/>
     <Script type="SIMPLE">
        <Action action="%{/BMC/CS/HOSTNAME}=OS_execute(/bin/hostname)"/>
     </Script>
  </Screen>


  <Screen name="P7F_UX_cfg_2"
		 title="Specify the PATROL 7.x Product Directory">
<L10NScreen locale="ja_JP"
			 title="PATROL 7.x 製品ディレクトリの指定"/>
<Question name="/BMC/PATROL7/INFO_1"
			 type="Hidden"
			 required="true"
			 label="All PATROL 7.x products are installed one level below the main product directory. Specify the subdirectory to be appended to the BMC Products Installation Directory, or accept the default directory name shown.">
<L10NQuestion locale="ja_JP"
				 label="すべてのPATROL 7.x 製品は基本製品ディレクトリより１つ下のレベルにインストールされます。BMC製品インストール ディレクトリに追加されるサブディレクトリ名を指定するか下記のデフォルトのディレクトリ名を使用するかしてください。"/>
    </Question>
    <Question name="/BMC/PATROL7/DIR"
			 type="Hidden"
			 default="Patrol7"
			 required="false"
			 label="PATROL 7.x Product Directory">
<L10NQuestion locale="ja_JP"
				 label="PATROL 7.x 製品ディレクトリ"
				 default="Patrol7"/>
    </Question>
  
  </Screen>
</Component>
