<?xml version="1.0" encoding="UTF-8"?>
<!DOCTYPE Component	SYSTEM	"ComponentQuestions.dtd">
<Component name="SYSTEM_ROLES">

  <Screen name="SYSTEM_ROLES"
		 title="Select System Roles">

    <L10NScreen locale="ja_JP"
			 title="システム ロールの選択"/>

<!--
    <L10NScreen locale="zh_CN"
                title="" />
    <L10NScreen locale="zh_TW"
                title="" />
    <L10NScreen locale="ko_KR"
                title="" />

-->
    <Question name="/BMC/DESIGNATOR_ROLE"
			 type="CheckBoxGroup"
			 mode="install"
			 default=""
			 required="true"
			 label="You must select one or more roles for the computer on which you are planning to install products. The products displayed on the Select Products and Components screen are based on the system roles you select."
			 options="Common Services &lt;DD&gt; Select this role if you are installing products (services) that are used by Managed Systems and Console Systems. Examples include such products as the PATROL Console Server (centralized administration), the RTserver (message brokering), and PATROL Central Operator - Web Edition (PATROL Central - Web server).=WOC,PWC,PIC,PWD,PWY,PWM,MLM;Console Systems &lt;DD&gt; Select this role if you are installing end-user desktop applications such as consoles, viewers, and browsers. Examples include such products as PATROL Central Operator - Microsoft Windows Edition, the PATROL Classic Console, PATROL Classic Console Knowledge Modules, and the PATROL Migration Tools. =PAT,PAV,CST,VAB,VAJ,VAL,PCY,PCG,PIX,PEU,PCI,CSG;Managed System &lt;DD&gt; The role of this system is to host software that manages resources on the system.  Examples of products installed on these systems include the PATROL Agent, PATROL Knowledge Modules, and Service Reporting Retrievers.=PAA,PWN,PEG,PIA,PIV,AGA,NWA,POS,PMA,PVA;"
			 validaterule="REGEXP"
			 validatearg=".+"
			 validateFailMessage="You must choose at least one System Role to continue.">

      <L10NQuestion locale="ja_JP"
				 label="製品をインストールするコンピュータのロールを１つ以上選択してください。選択されたロールを基にして「製品とコンポーネントの選択」画面に製品が表示されます。"
				 options="共通サービス &lt;DD&gt; 管理対象システムとコンソール システムの間で使用される製品(サービス)をインストールする場合はこのロールを選択します。製品の例として、PATROL Console Server (集中管理)、RTserver (メッセージ仲介)、Web版 PATROL Central Operator PATROL Central (PATROL Central - Web サーバ) があります。=WOC,PWC,PIC,PWD,PWY,PWM,MLM;コンソールシステム &lt;DD&gt; コンソール、ヴューワ、ブラウザなどのエンドユーザ向けデスクトップアプリケーションをインストールする場合はこのロールを選択します。製品の例として、Microsoft Windows 版 PATROL Central Operator、PATROL Classic Console、PATROL Classic Console Knowledge Modules および PATROL Migration Tools があります。=PAT,PAV,CST,VAB,VAJ,VAL,PCY,PCG,PIX,PEU,PCI,CSG;管理対象システム &lt;DD&gt; このシステムのロールは、システム上のリソースを管理するソフトの運用です。システム上にインストールされる製品の例として、 PATROL Agent、PATROL 知識モジュール(KM)、Service Reporting Retriever があります。=PAA,PWN,PEG,PIA,PIV,AGA,NWA,POS,PMA,PVA;"
				 default=""
				 validatearg=".+"
				 validateFailMessage="継続するにはシステム ロールを少なくとも一つ選んでください。"/>

<!--
      <L10NQuestion locale="zh_CN"
                    label=""
                    default="" />
      <L10NQuestion locale="zh_TW"
                    label=""
                    default="" />
      <L10NQuestion locale="ko_KR"
                    label=""
                    default="" />
-->
    </Question>

  </Screen>

</Component>
