<?xml version="1.0" encoding="UTF-8"?>
<!-- <!DOCTYPE Component SYSTEM "ComponentQuestions.dtd"> -->
<Component name="PATROL Agent Properties">

  <Screen name="PATsagnt_cfg"
		 title="Confirm BMC Product Startup Information">
<L10NScreen locale="ja_JP"
			 title="BMC 製品スタートアップ情報を確認"/>

    <Question name="/BMC/SAGNT/INFO_1"
			 type="Info"
			 required="true"
			 label="If you have previously installed BMC Software products on the system you are installing to, the install utility can restart the PATROL Agent. The PATROL Agent shares files with the product(s) you have selected and must be stopped in order to properly update these files.">
<L10NQuestion locale="ja_JP"
				 label="以前 BMC Software 製品がインストールされたシステムにインストールする場合、インストール ユーティリティは PATROL Agent を再スタートすることができます。PATROL Agent は選択された製品とファイルを共有するので、それらのファイルを適当に更新するためにエージェントを停止します。"/>
    </Question>

    <Question name="/BMC/SAGNT/INFO_2"
			 type="Info"
			 required="true"
			 label="">
<L10NQuestion locale="ja_JP"
				 label=""/>
    </Question>

    <Question name="/BMC/SAGNT/INFO_3"
			 type="Info"
			 required="true"
			 label="If a PATROL Agent was previously installed on the system you are installing to, you must specify the port number used by that agent. \n\nThe default port number assigned is 3181. If a different port number was used in previous installations, specify that agent port number.">
<L10NQuestion locale="ja_JP"
				 label="以前PATROL Agent がインストールされたシステムにインストールする場合、そのエージェントに使われているポート番号を入力してください。\n\nデフォルトポート番号は 3181 です。以前のインストールで異なるポート番号が使われた場合は、そのエージェントポート番号を指定してください。"/>
    </Question>

   <Question name="/BMC/AGENT/PORT"
			 type="Text"
			 default="3181"
			 required="false"
			 label="Specify the Current Agent Port Number">
    <L10NQuestion locale="ja_JP"
				 label="現行エージェントポート番号を指定"
				 default="3181"/>
   </Question>

    <Question name="/BMC/AGENT/STOP"
			 type="Hidden"
			 default="TRUE"
			 required="true"
			 label="PATROL Agent Stop">
<L10NQuestion locale="ja_JP"
				 label="PATROL Agent の停止"
				 default="TRUE"/>
    </Question>

   <Question name="/BMC/AGENT/START"
			 type="RadioButtonGroup"
			 options="Yes=TRUE; No=FALSE"
			 default="TRUE"
			 required="true"
			 label="Restart the PATROL Agent automatically?">
<L10NQuestion locale="ja_JP"
				 label="PATROL Agent を自動的に再スタートしますか?"
				 options="はい=TRUE; いいえ=FALSE"
				 default="TRUE"/>  
    </Question>
   
  </Screen>

</Component>
