<?xml version="1.0" encoding="UTF-8"?>
<!-- <!DOCTYPE Component SYSTEM "ComponentQuestions.dtd"> -->
<Component name="PATROL Product Properties">

  <Screen name="P3F_UX_cfg"
   title="">
<L10NScreen locale="ja_JP"
   title=""/>
     <Script type="SIMPLE">
        <Action action="%{/BMC/PATROL3/INFO_2}=set_var(%{/BMC/BASE})"/>
     </Script>
  </Screen>

  <Screen name="P3F_UX_cfg_2"
		 title="Provide the PATROL 3.x Product Directory">
  <L10NScreen locale="ja_JP"
			 title="PATROL 3.x製品ディレクトリの提供"/>

    <Question name="/BMC/PATROL3/INFO_2"
			 type="Text"
			 required="false"
			 default="%{/BMC/BASE}"
			 readonly="true"
			 label="BMC Products Installation Directory">
    <L10NQuestion locale="ja_JP"
				 label="BMC 製品インストール ディレクトリ"
				 default="%{/BMC/BASE}"/>
    </Question>

    <Question name="/BMC/PATROL/DIR"
			 type="Text"
			 default="Patrol3"
			 required="false"
			 label="PATROL 3.x Product Directory">
<L10NQuestion locale="ja_JP"
				 label="PATROL 3.x製品ディレクトリ"
				 default="Patrol3"/>
    </Question>
  
<If arg1="%{/BMC/PATROL/DIR}"
         op="REGEXP"
         arg2="(^$)"
         then="%{/BMC/PATROL/DIR}=set_var(.)"/>

    <Question name="/BMC/PATROL3/INFO_4"
			 type="Info"
			 required="false"
			 label="&lt;u&gt;Important Information&lt;/u&gt;\n  1) If this is a new installation or you are installing agents and/or consoles over the top of an existing installation:\n\n All PATROL 3.x products are installed one level below the BMC Products Installation Directory.  Specify the subdirectory to append to the BMC Products Installation Directory, or accept the default directory name shown.\n\n If PATROL was previously installed in /opt/patrol/PATROL3.4, you should enter &quot;/opt/patrol&quot; as the BMC Products Installation Directory, and &quot;PATROL3.4&quot; as the PATROL 3.x Product Directory. If necessary, click &quot;Back&quot; to return to the Specify Installation Directory screen and modify your BMC Products Installation Directory.\n\n 2)  If you are installing only Knowledge Modules into an existing PATROL 3.4 or 3.3 environment:\n\n You must use the proper install command line options (for example, setup.sh -releaseversion 3.4) in addition to any other command line options that you want to use. If you need to change the installation command line options, click &quot;Exit&quot; and restart your installation session.\n\n Additionally, if PATROL was previously installed in /opt/patrol/PATROL3.4, you should enter &quot;/opt/patrol/PATROL3.4&quot; as the BMC Products Installation Directory and ensure the PATROL 3.x Product Directory entry above is blank.  If necessary, click &quot;Back&quot; to return to the Specify Installation Directory screen and modify your BMC Products Installation Directory.">
    <L10NQuestion locale="ja_JP"
				 label="&lt;u&gt;重要なお知らせ&lt;/u&gt;\n  1) 新規インストールの場合、または既存の場所に Over-the-top インストールでエージェント および/または コンソールをインストールする場合:\n\n すべてのPATROL 3.x 製品はBMC 製品インストールディレクトリより１つ下のレベルにインストールされます。BMC 製品インストール ディレクトリ下に追加するサブディレクトリ名を指定するか、表示されているデフォルトのディレクトリ名を使用してください。\n\n もし PATROL が以前 /opt/patrol/PATROL3.4 にインストールされた場合、BMC 製品インストールディレクトリとして &quot;/opt/patrol&quot;  と入力し、PATROL 3.x 製品ディレクトリとして &quot;PATROL3.4&quot;  と入力します。BMC 製品インストールディレクトリの変更が必要な場合には、「戻る」ボタンをクリックして「インストールディレクトリを指定」画面に戻ります。\n\n  2) 既に存在する PATROL 3.4 環境に知識モジュール(KM)のみをインストールする場合:\n\n ほかのコマンドラインオプションと共に適切なインストールコマンドラインオプションを使用してください(たとえば、setup.sh -releaseversion 3.4)。インストールコマンドラインオプションを変更する場合は、｢終了｣をクリックしてこのインストールセッションを起動し直してください。\n\n さらに、PATROL が以前 /opt/patrol/PATROL3.4 にインストールされていた場合、BMC 製品インストールディレクトリとして &quot;/opt/patrol/PATROL3.4&quot; と入力し、PATROL 3.x 製品ディレクトリは空白のままにします。BMC 製品ディレクトリを変更する場合は「戻る」をクリックしてください。"/>
    </Question>

  </Screen>
</Component>
