<?xml version="1.0" encoding="UTF-8"?>
<!DOCTYPE Component	SYSTEM	"ComponentQuestions.dtd">
<Component name="PATROL Central - Unix Web Edition Configuration">
	<Screen name="PWCFamily_u"
		 title="Configure PATROL Central - Unix Web Edition">
<L10NScreen locale="ja_JP"
			 title="PATROL Central - Unix Web Edition の構成"/>
		<Script type="SIMPLE"
			 mode="install">
			<If arg1="%{/Repository_Tests/Front_End/Install_Dir_Flag}"
				 op="NEQ"
				 arg2="1"
				 then="%{/Repository_Tests/Front_End/Install_Dir}=set_var(%{/BMC/BASE})"/>
			<Action action="%{/Repository_Tests/Front_End/Install_Dir_Flag}=set_var(1)"/>
			
			<Action action="%{/Repository_Test/PWCFamily_uInstalled}=OS_execute(pwc_tools:query_for_product.plx,&quot;%{/Repository_Tests/Front_End/Install_Dir}&quot;;&quot;pwc_family_u&quot;)"/>
			<If arg1="%{/Repository_Test/PWCFamily_uInstalled}"
				 op="EQ"
				 arg2="YES"
				 then="remove_dependency(pwc_family_u)"/>
			<If arg1="%{/Repository_Test/PWCFamily_uInstalled}"
				 op="EQ"
				 arg2="YES"
				 then="goto_screen(PWCHiddenPWCFamily_u)"/>
		</Script>
	</Screen>
	
	<Screen name="PWCfid_u2"
		 title="Configure PATROL Central - Web Edition">
<L10NScreen locale="ja_JP"
			 title="PATROL Central - Web Edition の構成"/>
		<Question name="consoleserverinfo"
			 type="Info"
			 required="true"
			 label="Specify the name of the PATROL Console Server used to authenticate users.">
<L10NQuestion locale="ja_JP"
				 label="ユーザの認証に使用するPATROLコンソールサーバの名前を指定してください。"/>
		</Question>
		
		<Question name="/BMC/PWC/SECURITYSERVER"
			 type="Text"
			 default=""
			 required="true"
			 label="PATROL Console Server Name"
			 validaterule="REGEXP"
			 validatearg=".+"
			 validateFailMessage="A Console Server must be specified"
			 validateMayFail="false">
<L10NQuestion locale="ja_JP"
				 label="PATROLコンソールサーバ名"
				 default=""
				 validatearg=".+"
				 validateFailMessage="コンソールサーバは必ず指定してください"/>
		</Question>

				<Question name="/BMC/APACHE/STOP"
			 mode="uninstall"
			 type="Hidden"
			 default="TRUE"
			 required="true"
			 label="Stop the Apache Server?">
                               </Question>

				<Question name="/BMC/APACHE/STOP"
			 type="Hidden"
			 default="TRUE"
			 required="true"
			 label="Stop the Apache Server?">
                               </Question>

				<Question name="/BMC/APACHE/START"
			 type="Hidden"
			 default="TRUE"
			 required="true"
			 label="Start the Apache Server?">
                               </Question>

	</Screen>

	<Screen name="PWCHiddenPWCFamily_u"
		 title="">
<L10NScreen locale="ja_JP"
			 title=""/></Screen>

</Component>
