<?xml version="1.0" encoding="UTF-8"?>
<!DOCTYPE Component	SYSTEM	"ComponentQuestions.dtd">
<Component name="PATROL Central - Windows Web Edition Configuration">
	<Screen name="PWCDir_w"
		 title="Configure PATROL Central - Windows Web Edition">
<L10NScreen locale="ja_JP"
			 title="PATROL Central - Windows Web Edition の構成"/>
		<Script type="SIMPLE"
			 mode="install">
			<If arg1="%{/Repository_Tests/Front_End/Install_Dir_Flag}"
				 op="NEQ"
				 arg2="1"
				 then="%{/Repository_Tests/Front_End/Install_Dir}=set_var(%{/BMC/BASE})"/>
			<Action action="%{/Repository_Tests/Front_End/Install_Dir_Flag}=set_var(1)"/>
			
			<Action action="%{/Repository_Test/PWCDir_wInstalled}=OS_execute(pwc_tools:query_for_product.plx,&quot;%{/Repository_Tests/Front_End/Install_Dir}&quot;;&quot;pwc_dir_w&quot;)"/>
			<!-- Removed for OTI support. If skip components, migration tools won't run
			<If arg1="%{/Repository_Test/PWCDir_wInstalled}"
				 op="EQ"
				 arg2="YES"
				 then="remove_dependency(pwc_dir_w)"/>
			<If arg1="%{/Repository_Test/PWCDir_wInstalled}"
				 op="EQ"
				 arg2="YES"
				 then="goto_screen(PWCHiddenPWCDir_w)"/>
			 -->
		</Script>
	</Screen>
	
	<Screen name="PWCfid"
		 title="Configure PATROL Central - Windows Web Edition">
<L10NScreen locale="ja_JP"
			 title="PATROL Central - Windows Web Edition の構成"/>
                <Question name="/BMC/PWC/MIGRATE"
                         type="Hidden"
                         default="none"
                         required="true"
                         label="Product dir to migrate">
                </Question>

		<Question name="/BMC/PWC/DIR"
			 type="Hidden"
			 default="WebCentral.bak"
			 required="true"
			 label="PATROL Central - Web Edition subdirectory"
			 validaterule="REGEXP"
			 validatearg=".+"
			 validateFailMessage="An installation subdirectory for PATROL Central - Web Edition must be specified."
			 validateMayFail="false">
<L10NQuestion locale="ja_JP"
				 label="PATROL Central - Web Edition サブディレクトリ"
				 default="WebCentral.bak"
				 validatearg=".+"
				 validateFailMessage="PATROL Central - Web Edition のためのインストール サブディレクトリは必ず指定してください。"/>
		</Question>
		<Script>
			<!-- set variables to save the previous product base and hard code this product base -->
			<Action action="%{/BMC/PWC/MIGRATE}=set_var (%{/BMC/PWC/DIR})"/>
			<Action action="%{/BMC/PWC/DIR}=set_var (WebCentral)"/>
		</Script>
  	</Screen>

	<Screen name="PWCHiddenPWCDir_w"
		 title="">
<L10NScreen locale="ja_JP"
			 title=""/></Screen>

</Component>
