<?xml version="1.0" encoding="UTF-8"?>
<!DOCTYPE Component SYSTEM "ComponentQuestions.dtd">
<Component name="RTSERVERS Variable Properties">
  <Screen name="Rtserver" title = "RTSERVERS Variable Properties">

            <Question name="/BMC/PATROL/RTSERVERS/EXISTS"
                      type="Hidden"
                      default="FALSE" />

            <Script type="SIMPLE">
              <If arg1="%{/BMC/Agent}" op="EQ" arg2="true"
              then="goto_screen(Rtserver2)"
              else="goto_screen(Rtserver1)" />
            </Script>
  </Screen>
  <Screen name="Rtserver1"
		 title="RTSERVERS Variable Properties">
<L10NScreen locale="ja_JP"
			 title="RTSERVERS 変数のプロパティ"/>

   <Question name="/BMC/RTSERVER/INFO_1"
			 type="Info"
			 required="true"
			 label="PATROL 7 uses a shared communication architecture. PATROL 7 products communicate to each other through one or more RTservers. Each PATROL component uses an RTSERVERS variable to locate and connect to available RTserver(s).\n\n For previously installed PATROL Agents (version 3.5 or later), you must set the RTSERVERS variable and restart the agent.\n\n Below you may enter one or more known RTservers to connect to. Each entry is separated by a comma and has the format of &apos;protocol:hostname:port&apos;. The field below provides an example value for this RTSERVERS variable.">   <L10NQuestion locale="ja_JP"
				 label="PATROL 7 は、共有通信アーキテクチャを使用します。PATROL 7 製品は一つまたはそれ以上の RTServer を通じて互いに通信します。それぞれの PATROL コンポーネントは RTSERVERS 変数を使用して利用可能な RTServer を位置づけ接続します。 \n\n 以前にインストールされた PATROL Agent （バージョン 3.5 以降）のために、RTSERVERS 変数を設定しエージェントを再スタートしてください。\n\n 以下に一つまたはそれ以上の接続する RTServer を入力することができます。フォーマットは、エントリがコンマで区切られ、&apos;protocol:hostname:port&apos; となります。以下のフィールドはこの RTSERVERS 変数値の例です。"/>
   </Question>

   <Question name="/BMC/PATROL/RTSERVERS/VARIABLE"
			 type="Text"
			 default="tcp:localhost:2059"
			 format="size:40;maxlength:256"
			 validaterule="REGEXP"
			 validatearg="\S{1,1024}"
			 validateFailMessage="RTSERVERS variable cannot be blank."
			 required="true"
			 label="RTSERVERS Variable">
<L10NQuestion locale="ja_JP"
				 label="RTSERVERS 変数のプロパティ"
				 default="tcp:localhost:2059"
				 format="size:40;maxlength:256"
				 validatearg="\S{1,1024}"
				 validateFailMessage="RTSERVERS 変数が空白のままです。"/>

   </Question>

   <Script>
       <Action action="%{/BMC/PATROL/RTSERVERS/EXISTS}=set_var(FALSE)" />
       <Action action="goto_screen (exit_RTSERVER)" />
   </Script>

 </Screen>
  <Screen name="Rtserver2"
		 title="RTSERVERS Variable Properties">
<L10NScreen locale="ja_JP"
			 title="RTSERVERS 変数のプロパティ"/>

   <Question name="/BMC/RTSERVER/INFO_1"
			 type="Info"
			 required="true"
			 label="If you have not configured an RTserver for your PATROL environment, the following field can be left blank.">
			<L10NQuestion locale="ja_JP"
				 label="PATROL環境にRTserverの構成はまだ行ってない場合に、以下のフィールドを記入しなくてもいいです。"/>
   </Question>

   <Question name="/BMC/RTSERVER/INFO_2"
			 type="Info"
			 required="true"
			 label="PATROL 7 uses a shared communication architecture. PATROL 7 products communicate to each other through one or more RTservers. Each PATROL component uses an RTSERVERS variable to locate and connect to available RTserver(s).\n\n For previously installed PATROL Agents (version 3.5 or later), you must set the RTSERVERS variable and restart the agent.\n\n Below you may enter one or more known RTservers to connect to. Each entry is separated by a comma and has the format of &apos;protocol:hostname:port&apos;. The field below provides an example value for this RTSERVERS variable.">   <L10NQuestion locale="ja_JP"
				 label="PATROL 7 は、共有通信アーキテクチャを使用します。PATROL 7 製品は一つまたはそれ以上の RTServer を通じて互いに通信します。それぞれの PATROL コンポーネントは RTSERVERS 変数を使用して利用可能な RTServer を位置づけ接続します。 \n\n 以前にインストールされた PATROL Agent （バージョン 3.5 以降）のために、RTSERVERS 変数を設定しエージェントを再スタートしてください。\n\n 以下に一つまたはそれ以上の接続する RTServer を入力することができます。フォーマットは、エントリがコンマで区切られ、&apos;protocol:hostname:port&apos; となります。以下のフィールドはこの RTSERVERS 変数値の例です。"/>
   </Question>

   <Question name="/BMC/PATROL/RTSERVERS/VARIABLE"
			 type="Text"
			 default="tcp:localhost:2059"
			 format="size:40;maxlength:256"
			 required="true"
			 validateMayFail="true"
			 label="RTSERVERS Variable">
<L10NQuestion locale="ja_JP"
				 label="RTSERVERS 変数のプロパティ"
				 default="tcp:localhost:2059"
				 format="size:40;maxlength:256"/>

   </Question>

   <Script>
       <Action action="%{/BMC/PATROL/RTSERVERS/EXISTS}=set_var(FALSE)" />
       <Action action="goto_screen (exit_RTSERVER)" />
   </Script>

 </Screen>

 <Screen name="exit_RTSERVER" type="SCREEN">

   <Script>

     <If arg1="%{/BMC/PATROL/RTSERVERS/VARIABLE}"
         op="REGEXP"
         arg2="((^$))|(^tcp\:localhost\:2059$)"
         then="%{/BMC/PATROL/RTSERVERS/EXISTS}=set_var(FALSE)"
         else="%{/BMC/PATROL/RTSERVERS/EXISTS}=set_var(TRUE)" />

   </Script>

 </Screen>

 <!-- Screen name="show_val"
         type="INFO" -->

   <!-- Question name="show_val"
             type="Info"
             label="%{/BMC/PATROL/RTSERVERS/EXISTS}" / -->

 <!-- /Screen -->
 
</Component>
