<?xml version="1.0" encoding="UTF-8"?>
<!DOCTYPE Component	SYSTEM	"ComponentQuestions.dtd">
<Component name="PATROL Central - Web Edition Configuration">
	<Screen name="PWCDir_u"
		 title="Configure PATROL Central - Unix Web Edition">
<L10NScreen locale="ja_JP"
			 title="PATROL Central - Unix Web Edition の構成"/>
		<Script type="SIMPLE"
			 mode="install">
			<If arg1="%{/Repository_Tests/Front_End/Install_Dir_Flag}"
				 op="NEQ"
				 arg2="1"
				 then="%{/Repository_Tests/Front_End/Install_Dir}=set_var(%{/BMC/BASE})"/>
			<Action action="%{/Repository_Tests/Front_End/Install_Dir_Flag}=set_var(1)"/>
			
			<Action action="%{/Repository_Test/PWCDir_uInstalled}=OS_execute(pwc_tools:query_for_product.plx,&quot;%{/Repository_Tests/Front_End/Install_Dir}&quot;;&quot;pwc_dir_u&quot;)"/>
			<!-- Removed for OTI. Was removing required packages for OTI
			<If arg1="%{/Repository_Test/PWCDir_uInstalled}"
				 op="EQ"
				 arg2="YES"
				 then="remove_dependency(pwc_dir_u)"/>
			<If arg1="%{/Repository_Test/PWCDir_uInstalled}"
				 op="EQ"
				 arg2="YES"
				 then="goto_screen(PWCHiddenPWCDir_u)"/>
			 -->
		</Script>
	</Screen>
	
    <Question name="/ROOT/login"
		 type="Text"
		 mode="uninstall"
		 required="true"
		 default="root"
		 label="Root Login Name">
<L10NQuestion locale="ja_JP"
			 label="Root ログイン名"
			 default="root"/>
    </Question>

	<Question name="/ROOT/login"
		 type="Text"
		 mode="uninstall"
		 required="true"
		 default="root"
		 label="Root Login Name">
		
		<L10NQuestion locale="ja_JP"
			 label="Root ログイン名"
			 default="root"/>
	</Question>
	
	<Question name="/root/passwd"
		 type="Password"
		 mode="uninstall"
		 format="size:20;maxlength:256"
		 validaterule="REGEXP"
		 validatearg="\S{1,1024}"
		 validateFailMessage="Password field cannot be blank."
		 required="true"
		 default=""
		 label="Root Password">
		
		<L10NQuestion locale="ja_JP"
			 label="Root パスワード"
			 default=""
			 format="size:20;maxlength:256"
			 validatearg="\S{1,1024}"
			 validateFailMessage="パスワードはブランクにできません。"/>
	</Question>
	
	<Screen name="PWCfid"
		 title="Configure PATROL Central - Web Edition">
<L10NScreen locale="ja_JP"
			 title="PATROL Central - Web Edition の構成"/>

                <Question name="/BMC/PWC/MIGRATE"
                         type="Hidden"
                         default="none"
                         required="true"
                         label="Product dir to migrate">
                </Question>

		<Question name="/BMC/PWC/DIR"
			 type="Hidden"
			 default="webcentral.bak"
			 required="true"
			 label="PATROL Central - Web Edition subdirectory"
			 validaterule="REGEXP"
			 validatearg=".+"
			 validateFailMessage="An installation subdirectory for PATROL Central - Web Edition must be specified."
			 validateMayFail="false">
<L10NQuestion locale="ja_JP"
				 label="PATROL Central - Web Edition サブディレクトリ"
				 default="webcentral.bak"
				 validatearg=".+"
				 validateFailMessage="PATROL Central - Web Edition のためのインストール サブディレクトリは必ず指定してください。"/>
		</Question>
		<Script>
			<!-- set variables to save the previous product base and hard code this product base -->
			<Action action="%{/BMC/PWC/MIGRATE}=set_var (%{/BMC/PWC/DIR})"/>
			<Action action="%{/BMC/PWC/DIR}=set_var (webcentral)"/>
		</Script>
	</Screen>

	<Screen name="PWCHiddenPWCDir_u"
		 title="">
<L10NScreen locale="ja_JP"
			 title=""/></Screen>

</Component>
