<?xml version="1.0" encoding="UTF-8"?>
<!DOCTYPE Component	SYSTEM	"ComponentQuestions.dtd">
<Component name="PATROL Agent Properties">
	<Screen name="PRE_Paprop"
		 title="">
		<L10NScreen locale="ja_JP"
			 title=""/>
		<Script type="SIMPLE">
			<Action action="%{/Blank/Root/Password/Continue}=set_var(TRUE)"/>
		</Script>
	</Screen>
	<Screen name="Paprop"
		 title="Provide the System Root (or root privileged via sudo) Account Properties">
		<L10NScreen locale="ja_JP"
			 title="システム root （またはsudoのroot特権）アカウントプロパティの提供"/>
		<Question name="/BMC/AGENT_ACCOUNT/INFO_1"
			 type="Info"
			 required="true"
			 label="The root account is used to install one or more of the products you selected. Enter the ID and password for the root account (or root privileged account via sudo - see installation notes) in the fields below. If you wish to continue without specifying the root password then select continue.  Note: you will need to complete the root configuration at a later time before the products you selected will run correctly.">
			<L10NQuestion locale="ja_JP"
				 label="root アカウントは選択された1つ以上の製品をインストールために、使用されます。下記のフィールドに、root アカウント（またはsudoのroot特権 - インストールノートを参照）のIDとパスワードを入力してください。rootパスワードを指定しなくて、継続したい場合、継続を選択してください。注意：その後、選択された製品が正しく動作するために、rootの構成を完成させる必要があります。"/>
		</Question>
		<Question name="/root/login"
			 type="Text"
			 default="root"
			 required="true"
			 label="Root Login Name">
			<L10NQuestion locale="ja_JP"
				 label="root ログイン名"
				 default="root"/>
		</Question>
		<Question name="/root/passwd"
			 type="Password"
			 default=""
			 required="true"
			 format="size:50;maxlength:256"
			 label="Root Login Password">
			<L10NQuestion locale="ja_JP"
				 label="root ログイン パスワード"
				 default=""
				 format="size:50;maxlength:256"/>
		</Question>
		<Question name="/root/login"
			 type="Text"
			 mode="uninstall"
			 required="true"
			 default="root"
			 label="Root Login Name">
			<L10NQuestion locale="ja_JP"
				 label="root ログイン名"
				 default="root"/>
		</Question>
		<Question name="/root/passwd"
			 type="Password"
			 mode="uninstall"
			 format="size:50;maxlength:256"
			 validaterule="REGEXP"
			 validatearg="\S{1,1024}"
			 validateFailMessage="Password field cannot be blank."
			 required="true"
			 default=""
			 label="Root Password">
			<L10NQuestion locale="ja_JP"
				 label="Root パスワード"
				 default=""
				 format="size:50;maxlength:256"
				 validatearg="\S{1,1024}"
				 validateFailMessage="パスワード フィールドが空白のままです。"/>
		</Question>
		<Question name="/ROOT/CONFIRMATION/PASSWORD"
			 type="Password"
			 format="size:50;maxlength:256"
			 required="true"
			 default=""
			 label="Re-enter the Root Login Password">
			<L10NQuestion locale="ja_JP"
				 label="Rootのログイン パスワードを再度入力して下さい"
				 format="size:50;maxlength:256"
				 default=""/>
		</Question>
		<Question name="/ROOT/CONFIRMATION/PASSWORD"
			 type="Password"
			 mode="uninstall"
			 format="size:50;maxlength:256"
			 validaterule="REGEXP"
			 validatearg=".+"
			 validateFailMessage=""
			 required="true"
			 default=""
			 label="Re-enter the Root Login Password">
			<L10NQuestion locale="ja_JP"
				 label="Rootのログイン パスワードを再度入力して下さい"
				 format="size:50;maxlength:256"
				 default=""
				 validatearg=".+"
				 validateFailMessage=""/>
		</Question>
		<Script type="SIMPLE"
			 mode="install">
			<If arg1="%{/root/passwd}"
				 op="NEQ"
				 arg2="%{/ROOT/CONFIRMATION/PASSWORD}"
				 then="goto_screen(PasswordVerificationAlert)"
				 else="%{/ROOT/BLANK/PASSWORD_CHECK}=set_var(1)"/>
		</Script>
		<Script type="SIMPLE"
			 mode="install">
			<If arg1="%{/ROOT/BLANK/PASSWORD_CHECK}"
				 op="EQ"
				 arg2=""
				 then="goto_screen(BlankPasswordAlert)"
				 else="%{/ROOT/TEST/PASSWORD_GOOD}=set_var(1)"/>
		</Script>
		<Script type="SIMPLE"
			 mode="uninstall">
			<If arg1="%{/root/passwd}"
				 op="NEQ"
				 arg2="%{/ROOT/CONFIRMATION/PASSWORD}"
				 then="goto_screen(PasswordVerificationAlert)"
				 else="%{/ROOT/TEST/PASSWORD_GOOD}=set_var(1)"/>
		</Script>
	</Screen>
<!-- ****** Password Verification Alert" ****** -->
	<Screen name="PasswordVerificationAlert"
		 title="Password Entry did not match"
		 type="POPUP">
		<L10NScreen locale="ja_JP"
			 title="パスワード入力が一致しませんでした。"/>
		<Question name="/ROOT/TEST/PASSWORDVER"
			 type="Info"
			 label="Password did not match - Please try again.">
			<L10NQuestion locale="ja_JP"
				 label="パスワード入力が一致しません - 再度入力してください"/>
		</Question>
		<Question name="/ROOT/TEST/PASSWORDVER"
			 type="Info"
			 mode="uninstall"
			 label="Password did not match - Please try again.">
			<L10NQuestion locale="ja_JP"
				 label="パスワード入力が一致しません - 再度入力してください"/>
		</Question>
	</Screen>
<!--   ******** Blank Password Check ********* -->
	<Screen name="BlankPasswordCheck"
		 title="Blank Password Check"
		 type="SCREEN">
		<L10NScreen locale="ja_JP"
			 title="空白パスワード チェック"/>
		<Script type="SIMPLE"
			 mode="install">
			<If arg1="%{/root/passwd}"
				 op="NEQ"
				 arg2=""
				 then="%{/ROOT/TEST/PASSWORD_GOOD}=set_var(1)"
				 else="goto_screen(BlankPasswordAlert)"/>
			<If arg1="%{/root/passwd}"
				 op="NEQ"
				 arg2=""
				 then="goto_screen(PasswordGood)"/>
		</Script>
	</Screen>
<!--   ******** Blank Password Alert ********* -->
	<Screen name="BlankPasswordAlert"
		 title="Root Password Entry is blank."
		 type="SCREEN">
		<L10NScreen locale="ja_JP"
			 title="Rootパスワードのエントリは空白です。"/>

		<Question name="/Blank/Password/Info"
			 type="Info"
			 label="Continue with a blank root password.">
			<L10NQuestion locale="ja_JP"
				 label="Root のパスワードが空白のままで継続します。"/>
		</Question>

		<Question name="/Blank/Root/Password/Continue"
			 type="RadioButtonGroup"
			 options="Continue, I will finish configuring this product at a later time.=TRUE; Take me back to the previous screen=FALSE"
			 default="TRUE"
			 required="true"
			 label="Root Password Specified.">
			<L10NQuestion locale="ja_JP"
				 label="root のパスワードは指定されました。"
				 options="継続する、後でこの製品の構成を完成させます=TRUE; 前の画面に戻ります=FALSE"
				 default="TRUE"/>
		</Question>

		<Script type="SIMPLE"
			 mode="install">
			<If arg1="%{/Blank/Root/Password/Continue}"
				 op="EQ"
				 arg2="TRUE"
				 then="goto_screen(PasswordContinue)"
				 else="goto_screen(Paprop)" />
		</Script>

	</Screen>

	<Screen name="PasswordGood"
		 type="SCREEN"
		 title="">
		<L10NScreen locale="ja_JP"
		 title=""/>
	   <Script>
	      <Action action="%{/Blank/Root/Password/Continue}=set_var(TRUE)"/>
	      <Action action="goto_screen(exit_adm_screen)"/>
	   </Script>
	</Screen>

	<Screen name="PasswordContinue"
		 type="SCREEN"
		 title="">
		<L10NScreen locale="ja_JP"
		 title=""/>
	   <Script>
	      <Action action="%{/Blank/Root/Password/Continue}=set_var(FALSE)"/>
	      <Action action="goto_screen(exit_adm_screen)" />
	   </Script>
	</Screen>

	<Screen name="exit_adm_screen"
		 type="SCREEN"
		 title="">
		<L10NScreen locale="ja_JP"
		 title=""/>
	</Screen>
</Component>
