<?xml version="1.0" encoding="UTF-8"?>
<!-- <!DOCTYPE Component SYSTEM "ComponentQuestions.dtd"> -->
<Component name="PATROL 7.x Product Properties">
  <Screen name="P7F_MSW_cfg"
		 title="Specify the PATROL 7.x Product Directory">
<L10NScreen locale="ja_JP"
			 title="PATROL 7.x製品ディレクトリの指定"/>
<Question name="/BMC/PATROL7/INFO_1"
			 type="Hidden"
			 required="true"
			 label="All PATROL 7.x products are installed one level below the base product directory. Specify the subdirectory to be appended to the BMC Product Installation Directory, or accept the default directory name shown.">
<L10NQuestion locale="ja_JP"
				 label="すべてのPATROL 7.x製品は基本製品ディレクトリより１つ下のレベルにインストールされます。BMC製品インストール ディレクトリに追加されるサブディレクトリ名を指定するか下記のデフォルトのディレクトリ名を使用するかしてください。"/>
    </Question>

    
    <Question name="/BMC/PATROL7/DIR"
			 type="Hidden"
			 default="Patrol7"
			 required="false"
			 label="PATROL 7.x Product Directory">
<L10NQuestion locale="ja_JP"
				 label="PATROL 7.x製品ディレクトリ"
				 default="Patrol7"/>
    </Question>
  
    <Question name="/REGISTRY/SET/STRING/PATROL7Path"
			 type="Hidden"
			 default="HKEY_LOCAL_MACHINE\SYSTEM\CurrentControlSet\Control\Session Manager\Environment\Path=%{/BMC/BASE}%{/BMC/PATROL7/DIR}/bin/%{/BMC/PATROL/TARGET}"
			 required="true"
			 label="Console Server Path">
<L10NQuestion locale="ja_JP"
				 label="Console Server のパス"
				 default="HKEY_LOCAL_MACHINE\SYSTEM\CurrentControlSet\Control\Session Manager\Environment\Path=%{/BMC/BASE}%{/BMC/PATROL7/DIR}/bin/%{/BMC/PATROL/TARGET}"/>
    </Question>

    <Question name="/BMC/FOLDER/PATROL_FOLDER"
			 type="Hidden"
			 default="BMC PATROL"
			 required="true"
			 label="NT Folder Name">
<L10NQuestion locale="ja_JP"
				 label="NT フォルダ名"
				 default="BMC PATROL"/>
    </Question>

  </Screen>
</Component>