<?xml version="1.0" encoding="UTF-8"?>
<!-- <!DOCTYPE Component SYSTEM "ComponentQuestions.dtd"> -->
<Component name="PATROL Firewall Exception Detail">
  <Screen name="PA_MSW_cfg_1"
		 title="Information for adding the Selected Component(s) to Firewall Exception List">
<L10NScreen locale="ja_JP"
			 title="選択されたコンポーネントをファイアウォールの例外リストへ追加するための情報"/>

    <Question name="/BMC/MSWFEP/INFO_1"
			 type="Info"
			 mode="install"
			 required="true"
			 label="Firewall is enabled by default on Windows Vista and later. Choose appropriate option to automatically add the Selected Component(s) to the Firewall Exception List:">
<L10NQuestion locale="ja_JP"
				 label="ファイアウォールは Windows Vista および later でデフォルトで有効になっています。選択されたコンポーネントが自動的にファイアウォールの例外リストへ追加されるよう、該当するオプションを選択してください。"/>
    </Question>

    <Question name="/BMC/MSWFEP/ADD"
			 type="RadioButtonGroup"
			 options="Automatically add the Selected Component(s) to the Firewall Exception List.=TRUE;Do not add the Selected Component(s) to the Firewall Exception List.=FALSE"
			 mode="install"
			 default="TRUE"
			 required="true"
			 label="Firewall Exception List for the Selected Component(s)">
<L10NQuestion locale="ja_JP"
				 label="選択されたコンポーネントのファイアウォールの例外リスト"
				 options="選択されたコンポーネントを自動的にファイアウォールの例外リストへ追加する=TRUE;選択されたコンポーネントをファイアウォールの例外リストへ追加しない=FALSE"
				 default="TRUE"/>
    </Question>

  </Screen>
</Component>
