<?xml version="1.0" encoding="UTF-8"?>
<!-- <!DOCTYPE Component SYSTEM "ComponentQuestions.dtd"> -->
<Component name="PATROL Default Account Properties">
  <Screen name="P3DA_UX_cfg"
		 title="Provide the PATROL Default Account Properties">
<L10NScreen locale="ja_JP"
			 title="PATROLデフォルト アカウントプロパティの提供"/>
  
   <Question name="/BMC/P3DA_UX/INFO_1"
			 type="Info"
			 required="true"
			 label="The PATROL component being installed requires a default account. \n\nYou must create this account manually before continuing with the installation. If you plan to use a domain account, enter DOMAIN_NAME\account name; otherwise, only enter the local account.">
<L10NQuestion locale="ja_JP"
				 label="インストールしようとしている PATROL コンポーネントには、デフォルト アカウントが必要です。 \n\nインストールを続ける前に、手動でこのアカウントを作成してください。ドメイン アカウントを使用するなら、DOMAIN_NAME\ACCOUNT と入力してください。そうでなければ、ローカルなアカウントを入力してください。"/>
    </Question>

    <Question name="/ACCOUNT/Quotedlogin"
			 type="Text"
			 default="patrol"
			 format="size:50;maxlength:256"
			 required="true"
			 label="PATROL Default Account Login Name">
<L10NQuestion locale="ja_JP"
				 label="PATROL デフォルト アカウント ログイン名"
				 default="patrol"
				 format="size:50;maxlength:256"/>
    </Question>

    <Question name="/ACCOUNT/passwd"
			 type="Password"
			 default=""
			 format="size:50;maxlength:256"
			 required="true"
			 label="PATROL Default Account Password">
<L10NQuestion locale="ja_JP"
				 label="PATROLデフォルト アカウント パスワード"
				 default=""
				 format="size:50;maxlength:256"/>
	</Question>


    <Question name="/BMC/CONFIRMATION/PASSWORD"
			 type="Password"
			 default=""
			 format="size:50;maxlength:256"
			 required="true"
			 label="Re-enter the PATROL Default Account Password">
<L10NQuestion locale="ja_JP"
				 label="PATROLデフォルト アカウント パスワードを再入力"
				 format="size:50;maxlength:256"
				 default=""/>
    </Question>

    <Script type="SIMPLE">
      <If arg1="%{/ACCOUNT/passwd}"
				 op="EQ"
				 arg2="%{/BMC/CONFIRMATION/PASSWORD}"
				 then="%{/BMC/TEST/PASSWORD_GOOD}=set_var(1)"
				 else="goto_screen(PasswordVerificationAlert)"/>
	  <If arg1="%{/ACCOUNT/Quotedlogin}%{/ACCOUNT/passwd}%{/BMC/CONFIRMATION/PASSWORD}"
				 op="EQ"
				 arg2=""
				 then="goto_screen(NoDefaultAccountAlert)"/>
	  <Action action="%{/Blank/BMC/Password/Continue}=set_var(FALSE)"/>
	  <Action action="goto_screen(PW_exit_screen)"/>	  
   </Script>
  </Screen>

 <!--   ******** SCREEN Password Verifiction ********* -->  
   <Screen name="PasswordVerificationAlert"
		 title="Password Entry did not match"
		 type="POPUP">
<L10NScreen locale="ja_JP"
			 title="パスワード入力が一致しません"/>
  		<Question name="/BMC/TEST/PASSWORDVER"
			 type="Info"
			 label="Password did not match - Please try again.">
<L10NQuestion locale="ja_JP"
				 label="パスワードが一致しません - 再入力してください。"/>
		</Question>

  </Screen>

 <!--   ******** SCREEN Confirm proceeding without default account ********* -->
	<Screen name="NoDefaultAccountAlert"
		 title="Proceeding Without Default Account"
		 type="SCREEN">
		<L10NScreen locale="ja_JP"
			 title="デフォルト アカウント無しで進みます。"/>
<!--<L10NQuestion locale="ja_JP"-->
<!--label=""/>-->
		<Question name="/Blank/Password/Info"
			 type="Info"
			 label="PATROL default account was not provided.  If you proceed, the PATROL Agent will use the default account as 'patrol'.">
			<L10NQuestion locale="ja_JP"
				 label="PATROLデフォルト アカウント はありません。そのまま進む場合、PATROL エージェントはサービス開始するアカウントをデフォルト アカウントとして用いて、アクション実行します。標準インストールの場合、このアカウントはローカル システム アカウントになります。"/>
		</Question>
		<Question name="/Blank/BMC/Password/Continue"
			 type="RadioButtonGroup"
			 options="Continue=TRUE; Take me back to the previous screen.=FALSE"
			 default="TRUE"
			 required="true"
			 label="Allow PATROL Agent to run default account actions as the 'patrol'?">
			<L10NQuestion locale="ja_JP"
				 label="PATROL エージェントがローカル システム アカウントとして、デフォルト アカウント アクション実行することを同意。"
				 options="次へ=TRUE; 前の画面に戻る=FALSE"
				 default="TRUE"/>
<!--<L10NQuestion locale="ja_JP"-->
<!--label=""-->
<!--options=""-->
<!--default="TRUE"/>-->
		</Question>
		<Script type="SIMPLE"
			 mode="install">
			<If arg1="%{/Blank/BMC/Password/Continue}"
				 op="EQ"
				 arg2="FALSE"
				 then="goto_screen(P3DA_UX_cfg)"
				 else="%{/BMC/TEST/PASSWORD_GOOD}=set_var(1)"/>
			<Action action="%{/ACCOUNT/Quotedlogin}=set_var(patrol)"/>
		</Script>
	</Screen>

<!--   ******** SCREEN EXIT ********* -->
	<Screen name="PW_exit_screen"
		 title="PW_EXIT">
		<L10NScreen locale="ja_JP"
			 title="PW_EXIT"/>
		<Script>
			<Action action="%{/BMC/TEST/PASSWORD_GOOD}=set_var(1)"/>
		</Script>
	</Screen>
</Component>
