<?xml version="1.0" encoding="UTF-8"?>
<!DOCTYPE Component	SYSTEM	"ComponentQuestions.dtd">
<Component name="PATROL Default Account Properties">
<!--   ******** SCREEN MAIN  ********* -->
	<Screen name="get_agent_def_acct"
		 title="Provide the PATROL Default Account Properties">
		<L10NScreen locale="ja_JP"
			 title="PATROLデフォルト アカウントプロパティの提供"/>
		<Script type="SIMPLE"
			 mode="install">
			<If arg1="%{installmode}"
				 op="EQ"
				 arg2="LOCAL"
				 then="goto_screen(MyPasswordCheck)"
				 else="goto_screen(MyPasswordConfirmation)"/>
		</Script>
	</Screen>
<!--   ******** SCREEN MAIN  ********* -->
	<Screen name="MyPasswordConfirmation"
		 title="Provide the PATROL Default Account Properties">
		<L10NScreen locale="ja_JP"
			 title="PATROLデフォルト アカウントプロパティの提供"/>
		<Question name="/BMC/ACCOUNT/INFO_1"
			 type="Info"
			 required="true"
			 label="The PATROL component being installed typically uses a default account. \n\nYou must create this account manually before continuing with the installation. If you plan to use a domain account, enter DOMAIN_NAME\account name; otherwise, only enter the local account.  If you wish to allow the PATROL Agent to use the Local System account as the default account, enter blank username and password.">
			<L10NQuestion locale="ja_JP"
				 label="インストール中の PATROL コンポーネントにはデフォルト アカウントが必要です。\n\nインストールを継続する前に手動でアカウントを作成してください。ドメインアカウントを使用する場合は、「ドメイン名\アカウント名」 の形式で入力します; そうでなければ、ローカルアカウントのみを指定します。PATROL エージェントがローカル システム アカウントをデフォルト アカウントとして使用する場合は、ユーザ名とパスワードを何も記入しないで下さい。"/>
<!--English text updated; I18n text needs update-->
<!--<L10NQuestion locale="ja_JP"-->
<!--label="インストール中の PATROL コンポーネントにはデフォルト アカウントが必要です。\n\nインストールを継続する前に手動でアカウントを作成してください。ドメインアカウントを使用する場合は、「ドメイン名\アカウント名」 の形式で入力します; そうでなければ、ローカルアカウントのみを指定します。"/>-->
		</Question>
<!--Allow blank password with PATROL Agent 3.6.50 and later-->
		<Question name="/ACCOUNT/Quotedlogin"
			 type="Text"
			 default="patrol"
			 format="size:50;maxlength:256"
			 required="true"
			 label="PATROL Default Account Login Name">
			<L10NQuestion locale="ja_JP"
				 label="PATROLデフォルト アカウント ログイン名"
				 default="patrol"
				 format="size:50;maxlength:256"/>
		</Question>
		<Question name="/BMC/ACCOUNT/INFO_2"
			 type="Info"
			 required="true"
			 label="">
			<L10NQuestion locale="ja_JP"
				 label=""/>
		</Question>
<!--Allow password to be blank on PATROL Agent 3.6.50 and later-->
		<Question name="/ACCOUNT/passwd"
			 type="Password"
			 default=""
			 format="size:50;maxlength:256"
			 required="true"
			 label="PATROL Default Account Password">
			<L10NQuestion locale="ja_JP"
				 label="PATROLデフォルト アカウント パスワード"
				 default=""
				 format="size:50;maxlength:256"/>
		</Question>
<!--Allow confirmation password to be blank on PATROL Agent 3.6.50 and later-->
		<Question name="/BMC/CONFIRMATION/PASSWORD"
			 type="Password"
			 default=""
			 format="size:50;maxlength:256"
			 required="true"
			 label="Re-enter the PATROL Default Account Password">
			<L10NQuestion locale="ja_JP"
				 label="PATROLデフォルト アカウント パスワードを再入力してください。"
				 format="size:50;maxlength:256"
				 default=""/>
		</Question>
		<Question name="/BMC/ACCOUNT/INFO_3"
			 type="Info"
			 required="true"
			 label="The installation program automatically assigns the following user rights to this account. &lt;br&gt;&lt;TABLE&gt;&lt;TR&gt;&lt;TD&gt;&lt;LI&gt;Debug programs &lt;/TD&gt;&lt;TD&gt;&lt;LI&gt;Adjust memory quotas for a process &lt;/TD&gt;&lt;/TR&gt;&lt;TR&gt;&lt;TD&gt;&lt;LI&gt;Log on as a service &lt;/TD&gt;&lt;TD&gt;&lt;LI&gt;Allow log on locally &lt;/TD&gt;&lt;/TR&gt;&lt;TR&gt;&lt;TD&gt;&lt;LI&gt;Profile system performance &lt;/TD&gt;&lt;TD&gt;&lt;LI&gt;Replace a process level token &lt;/TD&gt;&lt;/TR&gt;&lt;TR&gt;&lt;TD&gt;&lt;LI&gt;Act as part of operating system&lt;/TR&gt;&lt;/TABLE&gt;">
			<L10NQuestion locale="ja_JP"
				 label="インストール プログラムは以下のユーザの権利を自動的にこのアカウントに付与します。 &lt;br&gt;&lt;TABLE&gt;&lt;TR&gt;&lt;TD&gt;&lt;LI&gt;プログラムのデバッグ &lt;/TD&gt;&lt;TD&gt;&lt;LI&gt;クォータの増加 &lt;/TD&gt;&lt;/TR&gt;&lt;TR&gt;&lt;TD&gt;&lt;LI&gt;サービスとしてログオン &lt;/TD&gt;&lt;TD&gt;&lt;LI&gt;ローカル ログオン &lt;/TD&gt;&lt;/TR&gt;&lt;TR&gt;&lt;TD&gt;&lt;LI&gt;システムパフォーマンスのプロファイル &lt;/TD&gt;&lt;TD&gt;&lt;LI&gt;プロセス レベルのトークンの置き換え &lt;/TD&gt;&lt;/TR&gt;&lt;TR&gt;&lt;TD&gt;&lt;LI&gt;オペレーティング システムの一部として機能&lt;/TR&gt;&lt;/TABLE&gt;"/>
		</Question>
		<Script type="SIMPLE">
			<If arg1="%{/ACCOUNT/Quotedlogin}%{/ACCOUNT/passwd}"
				 op="EQ"
				 arg2=""
				 then="goto_screen(NoDefaultAccountAlert)"/>
			<If arg1="%{/ACCOUNT/Quotedlogin}"
				 op="EQ"
				 arg2=""
				 then="goto_screen(piaiderror4)"/>
			<If arg1="%{/ACCOUNT/passwd}"
				 op="EQ"
				 arg2=""
				 then="goto_screen(piaiderror5)"/>
			<If arg1="%{/ACCOUNT/passwd}"
				 op="NEQ"
				 arg2="%{/BMC/CONFIRMATION/PASSWORD}"
				 then="goto_screen(PasswordVerificationAlert)"/>
			<Action action="%{/Blank/BMC/Password/Continue}=set_var(FALSE)"/>
			<Action action="goto_screen(PW_exit_screen)"/>
		</Script>
	</Screen>
<!--   ******** SCREEN (2) PASSWORD CHECK ********* -->
	<Screen name="MyPasswordCheck"
		 title="Provide the PATROL Default Account Properties">
		<L10NScreen locale="ja_JP"
			 title="PATROLデフォルト アカウントプロパティの提供"/>
		<Question name="/BMC/ACCOUNT/INFO_1"
			 type="Info"
			 required="true"
			 label="The PATROL component being installed typically uses a default account. \n\nYou must create this account manually before continuing with the installation. If you plan to use a domain account, enter DOMAIN_NAME\account name; otherwise, only enter the local account.  If you wish to allow the PATROL Agent to use the Local System account as the default account, enter blank username and password.">
			<L10NQuestion locale="ja_JP"
				 label="インストール中の PATROL コンポーネントにはデフォルト アカウントが必要です。\n\nインストールを継続する前に手動でアカウントを作成してください。ドメインアカウントを使用する場合は、「ドメイン名\アカウント名」 の形式で入力します; そうでなければ、ローカルアカウントのみを指定します。PATROL エージェントがローカル システム アカウントをデフォルト アカウントとして使用する場合は、ユーザ名とパスワードを何も記入しないで下さい。"/>
		</Question>
<!--Allow blank username with PATROL Agent 3.6.50 and later-->
		<Question name="/ACCOUNT/Quotedlogin"
			 type="Text"
			 default="patrol"
			 format="size:50;maxlength:256"
			 required="true"
			 label="PATROL Default Account Login Name">
			<L10NQuestion locale="ja_JP"
				 label="PATROLデフォルト アカウント ログイン名"
				 default="patrol"
				 format="size:50;maxlength:256"
				 validatearg="\S{1,1024}"
				 validateFailMessage="パスワード フィールドが空白のままです。"/>
		</Question>
		<Question name="/BMC/ACCOUNT/INFO_2"
			 type="Info"
			 required="true"
			 label="">
			<L10NQuestion locale="ja_JP"
				 label=""/>
		</Question>
<!--Allow blank password with PATROL Agent 3.6.50 and later-->
		<Question name="/ACCOUNT/passwd"
			 type="Password"
			 default=""
			 format="size:50;maxlength:256"
			 required="true"
			 label="PATROL Default Account Password">
			<L10NQuestion locale="ja_JP"
				 label="PATROLデフォルト アカウント パスワード"
				 default=""
				 format="size:50;maxlength:256"/>
		</Question>
		<Question name="/BMC/ACCOUNT/INFO_3"
			 type="Info"
			 required="true"
			 label="The installation program automatically assigns the following user rights to this account. &lt;br&gt;&lt;TABLE&gt;&lt;TR&gt;&lt;TD&gt;&lt;LI&gt;Debug programs &lt;/TD&gt;&lt;TD&gt;&lt;LI&gt;Adjust memory quotas for a process &lt;/TD&gt;&lt;/TR&gt;&lt;TR&gt;&lt;TD&gt;&lt;LI&gt;Log on as a service &lt;/TD&gt;&lt;TD&gt;&lt;LI&gt;Allow log on locally &lt;/TD&gt;&lt;/TR&gt;&lt;TR&gt;&lt;TD&gt;&lt;LI&gt;Profile system performance &lt;/TD&gt;&lt;TD&gt;&lt;LI&gt;Replace a process level token &lt;/TD&gt;&lt;/TR&gt;&lt;TR&gt;&lt;TD&gt;&lt;LI&gt;Act as part of operating system&lt;/TR&gt;&lt;/TABLE&gt;">
			<L10NQuestion locale="ja_JP"
				 label="インストール プログラムは以下のユーザの権利を自動的にこのアカウントに付与します。 &lt;br&gt;&lt;TABLE&gt;&lt;TR&gt;&lt;TD&gt;&lt;LI&gt;プログラムのデバッグ &lt;/TD&gt;&lt;TD&gt;&lt;LI&gt;クォータの増加 &lt;/TD&gt;&lt;/TR&gt;&lt;TR&gt;&lt;TD&gt;&lt;LI&gt;サービスとしてログオン &lt;/TD&gt;&lt;TD&gt;&lt;LI&gt;ローカル ログオン &lt;/TD&gt;&lt;/TR&gt;&lt;TR&gt;&lt;TD&gt;&lt;LI&gt;システムパフォーマンスのプロファイル &lt;/TD&gt;&lt;TD&gt;&lt;LI&gt;プロセス レベルのトークンの置き換え &lt;/TD&gt;&lt;/TR&gt;&lt;TR&gt;&lt;TD&gt;&lt;LI&gt;オペレーティング システムの一部として機能&lt;/TR&gt;&lt;/TABLE&gt;"/>
		</Question>
		<Script type="SIMPLE">
			<If arg1="%{/ACCOUNT/Quotedlogin}%{/ACCOUNT/passwd}"
				 op="EQ"
				 arg2=""
				 then="goto_screen(NoDefaultAccountAlert)"/>
			<If arg1="%{/ACCOUNT/Quotedlogin}"
				 op="EQ"
				 arg2=""
				 then="goto_screen(piaiderror4)"/>
			<If arg1="%{/ACCOUNT/passwd}"
				 op="EQ"
				 arg2=""
				 then="goto_screen(piaiderror5)"/>
			<Action action="%{/BMC/PWCHECK}=OS_execute(itools:pwcheck.exe,-username &quot;%{/ACCOUNT/Quotedlogin}&quot;;-password &quot;%{/ACCOUNT/passwd}&quot;;-path &quot;%{/BMC/INSTALL/BINARY}&quot;)"/>
			<If arg1="%{/BMC/PWCHECK}"
				 op="EQ"
				 arg2="INTERNAL ERROR"
				 then="goto_screen(pfpiderror1)"/>
			<If arg1="%{/BMC/PWCHECK}"
				 op="EQ"
				 arg2="UNENCRYPT FAILED"
				 then="goto_screen(pfpiderror2)"/>
			<If arg1="%{/BMC/PWCHECK}"
				 op="EQ"
				 arg2="FALSE"
				 then="goto_screen(pfpiderror3)"/>
			<Action action="%{/Blank/BMC/Password/Continue}=set_var(FALSE)"/>
			<Action action="goto_screen(PW_exit_screen)"/>
			 
		</Script>
	</Screen>
<!--   ******** SCREEN (1a) CONFIRMATION VERIFICATION ********* -->
	<Screen name="PasswordVerificationAlert"
		 title="Password Entry did not match"
		 type="POPUP">
		<L10NScreen locale="ja_JP"
			 title="パスワード入力が一致しませんでした"/>
		<Question name="/BMC/TEST/PASSWORDVER"
			 type="Info"
			 label="Password did not match - Please try again.">
			<L10NQuestion locale="ja_JP"
				 label="パスワードが一致しませんでした - 再入力してください。"/>
		</Question>
	</Screen>
<!--   ******** SCREEN (2a) CHECK ERROR 1 ********* -->
	<Screen name="pfpiderror1"
		 title="Username or Password Error"
		 type="POPUP">
		<L10NScreen locale="ja_JP"
			 title="ユーザ名 またはパスワード のエラー"/>
		<Question name="/BMC/USELESS"
			 type="Info"
			 label="An internal error occured. Please report this problem to BMC Support.">
			<L10NQuestion locale="ja_JP"
				 label="内部エラー発生しました。BMCサポートに連絡してください。"/>
		</Question>
	</Screen>
<!--   ******** SCREEN (2b) CHECK ERROR 2 ********* -->
	<Screen name="pfpiderror2"
		 title="Username or Password Error"
		 type="POPUP">
		<L10NScreen locale="ja_JP"
			 title="ユーザ名 またはパスワード のエラー"/>
		<Question name="/BMC/USELESS"
			 type="Info"
			 label="The password unencryption failed. Please report this problem to BMC Support.">
			<L10NQuestion locale="ja_JP"
				 label="パスワードの暗号解読が失敗しました。BMCサポートに連絡してください。"/>
		</Question>
	</Screen>
<!--   ******** SCREEN (2c) CHECK ERROR 3 ********* -->
	<Screen name="pfpiderror3"
		 title="Username or Password Error"
		 type="POPUP">
		<L10NScreen locale="ja_JP"
			 title="ユーザ名 またはパスワード のエラー"/>
		<Question name="/BMC/USELESS"
			 type="Info"
			 label="Invalid username/password, please check the account info provided.">
			<L10NQuestion locale="ja_JP"
				 label="無効なユーザ名/パスワード、アカウント情報を確認してください。"/>
		</Question>
	</Screen>
<!--   ******** SCREEN (2c) CHECK ERROR 4 ********* -->
	<Screen name="piaiderror4"
		 title="Username or Password Error"
		 type="POPUP">
		<L10NScreen locale="ja_JP"
			 title="ユーザ名 またはパスワード のエラー"/>
		<Question name="/BMC/USELESS"
			 type="Info"
			 label="Default account username is blank. To proceed without a default account, password must also be blank.">
			<L10NQuestion locale="ja_JP"
				 label="デフォルト アカウント ユーザ名は未入力です。デフォルト アカウント無しで進む場合、パスワードも入力しないでください。"/>
		</Question>
	</Screen>
<!--   ******** SCREEN (2c) CHECK ERROR 5 ********* -->
	<Screen name="piaiderror5"
		 title="Username or Password Error"
		 type="POPUP">
		<L10NScreen locale="ja_JP"
			 title="ユーザ名 またはパスワード のエラー"/>
		<Question name="/BMC/USELESS"
			 type="Info"
			 label="When providing a default account, password may not be blank. To proceed without a default account, the username must also be blank.">
			<L10NQuestion locale="ja_JP"
				 label="デフォルト アカウントの場合、パスワードが空ではないかもしれません。デフォルト アカウント無しで進む場合、ユーザ名は入力してないでください。"/>
		</Question>
	</Screen>
<!--   ******** SCREEN (3) Confirm proceeding without default account ********* -->
	<Screen name="NoDefaultAccountAlert"
		 title="Proceeding Without Default Account"
		 type="SCREEN">
		<L10NScreen locale="ja_JP"
			 title="デフォルト アカウント無しで進みます。"/>
<!--<L10NQuestion locale="ja_JP"-->
<!--label=""/>-->
		<Question name="/Blank/Password/Info"
			 type="Info"
			 label="PATROL default account was not provided.  If you proceed, the PATROL Agent will use the account that started the service as the default account to run actions.  In a typcial installation, this will be the Local System account.">
			<L10NQuestion locale="ja_JP"
				 label="PATROLデフォルト アカウント はありません。そのまま進む場合、PATROL エージェントはサービス開始するアカウントをデフォルト アカウントとして用いて、アクション実行します。標準インストールの場合、このアカウントはローカル システム アカウントになります。"/>
		</Question>
		<Question name="/Blank/BMC/Password/Continue"
			 type="RadioButtonGroup"
			 options="Continue=TRUE; Take me back to the previous screen.=FALSE"
			 default="TRUE"
			 required="true"
			 label="Allow PATROL Agent to run default account actions as the Local System account?">
			<L10NQuestion locale="ja_JP"
				 label="PATROL エージェントがローカル システム アカウントとして、デフォルト アカウント アクション実行することを同意。"
				 options="次へ=TRUE; 前の画面に戻る=FALSE"
				 default="TRUE"/>
<!--<L10NQuestion locale="ja_JP"-->
<!--label=""-->
<!--options=""-->
<!--default="TRUE"/>-->
		</Question>
		<Script type="SIMPLE"
			 mode="install">
			<If arg1="%{/Blank/BMC/Password/Continue}"
				 op="EQ"
				 arg2="FALSE"
				 then="goto_screen(get_agent_def_acct)"
				 else="%{/BMC/TEST/PASSWORD_GOOD}=set_var(1)"/>
		</Script>
	</Screen>
<!--   ******** SCREEN EXIT ********* -->
	<Screen name="PW_exit_screen"
		 title="PW_EXIT">
		<L10NScreen locale="ja_JP"
			 title="PW_EXIT"/>
		<Script>
			<Action action="%{/BMC/TEST/PASSWORD_GOOD}=set_var(1)"/>
		</Script>
	</Screen>
</Component>
