<?xml version="1.0" encoding="UTF-8"?>
<!-- Copyright (c) 2001-2004 BMC Software, Inc. -->
<Component name="SYSTEM_ROLES">


  	<Screen name="SYSTEM_ROLES"
		 title="Select System Roles">


    		<L10NScreen locale="ja_JP"
			 title="システム ロールの選択"/>


<!--
    <L10NScreen locale="zh_CN"
                title="" />
    <L10NScreen locale="zh_TW"
                title="" />
    <L10NScreen locale="ko_KR"
                title="" />

-->

    		<Question name="/BMC/DESIGNATOR_ROLE"
			 type="CheckBoxGroup"
			 mode="install"
			 default=""
			 required="true"
			 label="Select one or more roles for the computer on which you are planning to install products. The products available for installation as displayed on the Select Products and Components to Install screen are based on the system role that you select. If you do not select a role or if you select all roles, all products will be displayed."
			 options="&lt;b&gt;Managed System&lt;/b&gt; &lt;DD&gt; The role of this system is to host software that manages resources on the system.  Examples of products installed on these systems include the PATROL Agent and PATROL Knowledge Modules.=PAA,PWN,PEG,PIA,PIV,AGA,NWA,POS,PMA,PVA;&lt;b&gt;Console Systems&lt;/b&gt; &lt;DD&gt; The role of this system is to host user desktop applications such as consoles, user interfaces, viewers, and browsers. Examples of products installed on these systems include the PATROL Classic Console, PATROL Central - Microsoft Windows Edition, and the PATROL Migration Tools. You must install Knowledge Modules on the PATROL Classic Console system (in addition to installing them on managed systems). Please refer to the PATROL Installation Release Notes for more information.=PAT,PAV,CST,VAB,VAJ,VAL,PCY,PCG,PIX,PEU,PCI,CSG;&lt;b&gt;Common Services&lt;/b&gt; &lt;DD&gt; The role of this system is to host services that are shared among managed systems and application systems. Examples of products installed on these systems include the PATROL Console Server, the RTserver, and PATROL Central - Web Edition.=WOC,PWC,PIC,PWD,PWY,PWM,MLM;"
			 validaterule="REGEXP"
			 validatearg=".+"
			 validateFailMessage="You must choose at least one System Role to continue.">


      			<L10NQuestion locale="ja_JP"
				 label="製品をインストールするコンピュータのロールを１つ以上選択してください。選択されたロールを基にしてインストール可能な製品が「製品とコンポーネントの選択」画面に表示されます。ロールが選択されないか、またはロールがすべて選択された場合は、すべての製品が表示されます。"
				 options="&lt;b&gt;管理対象システム&lt;/b&gt; &lt;DD&gt; このシステムのロールは、システム上のリソースを管理するソフトの運用です。システム上にインストールされる製品の例として、 PATROL Agent、PATROL 知識モジュール(KM) があります。=PAA,PWN,PEG,PIA,PIV,AGA,NWA,POS,PMA,PVA;&lt;b&gt;コンソールシステム&lt;/b&gt; &lt;DD&gt; このシステムのロールは、コンソール、ユーザインタフェース、ビューワ、ブラウザなど、デスクトップ型のアプリケーションを運用することです。インストールされる製品の例として、PATROL Classic Console、PATROL Central - Microsoft Windows Edition、PATROL Migration Tools があります。 知識モジュールをPATROL Classic Console にインストールする必要があります（それ以上、知識モジュールを管理対象システム上にインストールする必要もあります。）詳しい情報は、PATROL Installation リリースノートを参照してください。=PAT,PAV,CST,VAB,VAJ,VAL,PCY,PCG,PIX,PEU,PCI,CSG;&lt;b&gt;共通サービス&lt;/b&gt; &lt;DD&gt; このシステムのロールは管理対象システムとアプリケーション システムの間で共有されるサービスを請け負うことです。 システム上にインストールされる製品の例として、PATROL Console Server、RTserver、PATROL Central - Web Edition があります。=WOC,PWC,PIC,PWD,PWY,PWM,MLM;"
				 default=""
				 validatearg=".+"
				 validateFailMessage="継続するにはシステム ロールを少なくとも一つ選んでください。"/>


<!--
      <L10NQuestion locale="zh_CN"
                    label=""
                    default="" />
      <L10NQuestion locale="zh_TW"
                    label=""
                    default="" />
      <L10NQuestion locale="ko_KR"
                    label=""
                    default="" />
-->

    		</Question>


  	</Screen>


</Component>
