<?xml version="1.0" encoding="UTF-8"?>
<!DOCTYPE Component SYSTEM "ComponentQuestions.dtd">
<Component name="PATROL Family Product Installation Directory">
  <Screen name="Pfid"
		 title="Provide the Base Product Installation Directory">
<L10NScreen locale="ja_JP"
			 title="基本製品インストール ディレクトリ入力"/>
        <Question name="/BMC/PA_MSW/INFO_1"
			 type="Info"
			 required="true"
			 label="Specify the base product installation directory below.">
<L10NQuestion locale="ja_JP"
				 label="下記の基本製品インストール ディレクトリを指定してください。"/>
    </Question>

    <Question name="/BMC/COMMON/DIR"
			 type="Hidden"
			 default="common"
			 required="true"
			 label="PATROL Common Product Installation Directory">
<L10NQuestion locale="ja_JP"
				 label="PATROL 共通製品インストール ディレクトリ"
				 default="common"/>
    </Question>
  
  </Screen>
</Component>
